Name,Slug,Collection ID,Locale ID,Item ID,Archived,Draft,Created On,Updated On,Published On,Journey Summary,New Journey Summary,Number of emails,Logo/Icon,Duration,Date Started,Date Ended,Avg time delay,Brand Details,Email Template,Categories,Meta Title,Meta Description,Description
Pipedrive,pipedrive,67f118c79fcb04b14eeaf13e,6669acc77ba72bcf56a022dd,67f11c7b9bf370f0e1ac0fc1,false,false,Sat Apr 05 2025 12:05:15 GMT+0000 (Coordinated Universal Time),Tue Feb 17 2026 14:33:47 GMT+0000 (Coordinated Universal Time),Tue Feb 17 2026 15:08:22 GMT+0000 (Coordinated Universal Time),,"<p id="""">Pipedrive’s email journey features clean, simple, and well-designed messages that guide users through a straightforward onboarding flow focused on discovering key features through videos, sample files, and webinars. Once a user becomes paid, Pipedrive adds a strong human touch, with the customer success team personally inviting new customers to book a 45-minute onboarding call—an excellent way to accelerate adoption. Their broader lifecycle communication is rich in educational content, newsletters, blog articles, courses, guides, and reports, complemented by smart win-back tactics, social-proof-driven messages, and occasional expansion offers tied to timely events.</p><p>‍</p><p id="""">P.S. Several repetitive newsletters were removed to reduce redundancy, so the average time delay between emails appears longer than in reality.</p><p>‍</p>",46,https://cdn.prod.website-files.com/6669acc77ba72bcf56a022e8/67f11c7a9bf370f0e1ac0f5e_67ee9b57b197da15375962a6_Pipedrive.png,About 8 months,"January 18, 2024","September 20, 2024",~5½ days,,,announce-new-features; onboard-free-user; onboard-paid-user; win-back-churned-user; transactional-email; celebrate-milestones; expand-user; request-feedback; educate-engage,,"Pipedrive offers simple onboarding, rich educational content, human CS onboarding calls, win-back flows, social proof, and smart expansion offers.",
Calendly,calendly,67f118c79fcb04b14eeaf13e,6669acc77ba72bcf56a022dd,67f4c29fac94ca905585e83d,false,false,Tue Apr 08 2025 06:30:55 GMT+0000 (Coordinated Universal Time),Tue Feb 17 2026 14:33:47 GMT+0000 (Coordinated Universal Time),Tue Feb 17 2026 15:08:22 GMT+0000 (Coordinated Universal Time),,"<p id="""">Calendly delivers highly polished, visually distinctive emails, especially throughout a long and engaging onboarding flow filled with videos, feature nudges, and personalized prompts based on user activity. Their lifecycle messaging blends upgrade reminders, team-invite nudges, product-adoption prompts, and a rich cadence of educational webinars, including an on-demand onboarding session for new paid users.</p><p>‍</p><p id="""">They also maintain strong ongoing engagement through regular product-update emails from their Head of Product Marketing, win-back messages for churned users, and occasional expansion offers such as annual-plan discounts.</p><p>‍</p>",55,https://cdn.prod.website-files.com/6669acc77ba72bcf56a022e8/67f4c286b67439c6ac016567_c73039fdecbf381f55fe529c673cecce.png,About 1 year and 1 month,"January 18, 2024","February 24, 2025",~7 days,"<li id=""""><strong id="""">Founded</strong>: 2013</li><li id=""""><strong id="""">Founder</strong>: Tope Alabi</li><li id=""""><strong id="""">Headquarters</strong>: Atlanta, Georgia, USA</li><li id=""""><strong id="""">Industry</strong>: Scheduling and Productivity Software</li><li id=""""><strong id="""">Tagline</strong>: ""Simplifying the way people schedule time""</li><li id=""""><strong id="""">Brand Focus</strong>: Calendly is focused on solving the scheduling problems of busy professionals and teams. It’s designed to eliminate the back-and-forth of scheduling meetings, allowing users to set availability and let others book appointments based on that. Calendly integrates with various calendar tools to automate scheduling and save time.</li><li id=""""><strong id="""">Key Features</strong>: Automated scheduling, calendar integration, personalized booking links, group scheduling, and reminders.</li>",,announce-new-features; celebrate-milestones; expand-user; onboard-free-user; onboard-paid-user; request-feedback; win-back-churned-user; transactional-email; educate-engage,,"Calendly sends polished onboarding, feature nudges, webinars, upgrade prompts, product updates, win-back emails, and strong activity-based guidance.",
Notion,notion,67f118c79fcb04b14eeaf13e,6669acc77ba72bcf56a022dd,67f4c2ec2512e2f094414a4c,false,false,Tue Apr 08 2025 06:32:12 GMT+0000 (Coordinated Universal Time),Tue Feb 17 2026 14:33:47 GMT+0000 (Coordinated Universal Time),Tue Feb 17 2026 15:08:22 GMT+0000 (Coordinated Universal Time),,"<p id="""">Notion’s email journey mirrors its product: minimalistic, structured, and clean, with simple layouts, short text blocks, and product screenshots that feel instantly recognizable. Their onboarding flow follows a clear seven-day, step-by-step structure, starting with feature education and transitioning into expansion prompts such as inviting teammates, connecting tools, or downloading the apps.</p><p>‍</p><p id="""">Beyond onboarding, Notion enriches the experience with Founder Spotlight content (First Block), cross-selling for major new products, highly consistent product-update emails, and upgrade nudges triggered by usage limits, all reinforcing strong engagement and ongoing adoption.</p><p>‍</p>",46,https://cdn.prod.website-files.com/6669acc77ba72bcf56a022e8/67f4c2d44bdb4ee637753547_Notion-logo.svg.png,About 1 year and 5 months,"October 16, 2023","March 10, 2025",~11 days,"<li id=""""><strong id="""">Founded</strong>: 2013</li><li id=""""><strong id="""">Founders</strong>: Ivan Zhao, Simon Last</li><li id=""""><strong id="""">Headquarters</strong>: San Francisco, California, USA</li><li id=""""><strong id="""">Industry</strong>: Productivity, Collaboration, and Knowledge Management</li><li id=""""><strong id="""">Tagline</strong>: ""The all-in-one workspace""</li><li id=""""><strong id="""">Brand Focus</strong>: Notion aims to be the central hub for personal and team organization. It combines note-taking, project management, and database creation into one platform, offering a highly customizable workspace for individuals and teams. The brand emphasizes flexibility, collaboration, and productivity.</li><li id=""""><strong id="""">Key Features</strong>: Note-taking, task management, databases, collaborative wikis, templates, and integration with other apps.</li>",,announce-new-features; celebrate-milestones; expand-user; request-feedback; onboard-free-user; transactional-email; onboard-paid-user; win-back-churned-user; educate-engage,,"Notion delivers minimalistic seven-day onboarding, feature nudges, cross-selling, product updates, founder-spotlight content, and upgrade triggers.",
Loom,loom,67f118c79fcb04b14eeaf13e,6669acc77ba72bcf56a022dd,67f4c34b9295abe5c256afcd,false,false,Tue Apr 08 2025 06:33:47 GMT+0000 (Coordinated Universal Time),Tue Feb 17 2026 14:33:47 GMT+0000 (Coordinated Universal Time),Tue Feb 17 2026 15:08:22 GMT+0000 (Coordinated Universal Time),,"<p id="""">Loom’s email journey is simple, human, and highly product-centric, beginning with a plain-text welcome message that includes a personal Loom video and continues with onboarding emails that use Loom recordings directly inside the messages. Their communication blends feature nudges, webinar invitations, and new-feature announcements with strong milestone moments—such as celebrating a user’s first recording or sending monthly activity recaps that highlight time saved and real product value.</p><p>‍</p><p id=""""> Loom also regularly requests feedback, keeping the conversation open and reinforcing a supportive, user-focused experience.</p><p>‍</p>",41,https://cdn.prod.website-files.com/6669acc77ba72bcf56a022e8/67f4c3310234b32004cf6270_pngegg.png,About 1 year and 5 months,"October 21, 2023","March 25, 2025",~13 days,,,announce-new-features; celebrate-milestones; expand-user; onboard-free-user; onboard-paid-user; win-back-churned-user; request-feedback; transactional-email; educate-engage,,"Loom uses human, video-based onboarding, feature nudges, webinars, milestone emails, monthly recaps showing saved time, and regular feedback asks.",
Miro,miro,67f118c79fcb04b14eeaf13e,6669acc77ba72bcf56a022dd,6824c52ef44eb93c98584b64,false,false,Wed May 14 2025 16:30:38 GMT+0000 (Coordinated Universal Time),Tue Feb 17 2026 14:33:47 GMT+0000 (Coordinated Universal Time),Tue Feb 17 2026 15:08:22 GMT+0000 (Coordinated Universal Time),,"<p id="""">Miro delivers exceptionally polished, visually rich emails that stand out for their thoughtful design, human touch, and highly digestible content. Their communication focuses on education and inspiration, offering templates, examples, videos, webinars, and community events that make it easy for users to reach value quickly and creatively.</p><p>‍</p><p id="""">Although they don’t send many emails, the ones they do include feature announcements, referral invites, and an excellent annual recap, resulting in a consistently delightful email experience.</p><p>‍</p>",18,https://cdn.prod.website-files.com/6669acc77ba72bcf56a022e8/686d8cf9f6399ed1929095a4_icon%20(1).webp,About 8 months,"October 12, 2024","June 10, 2025",~14 days,,,announce-new-features; educate-engage; expand-user; onboard-free-user; onboard-paid-user; celebrate-milestones; request-feedback; transactional-email; win-back-churned-user,,"Miro offers stunning, design-rich emails with templates, videos, community events, referrals, new features, and a standout annual usage recap.",
Zapier,zapier,67f118c79fcb04b14eeaf13e,6669acc77ba72bcf56a022dd,6824c5408b009343fce3dddf,false,false,Wed May 14 2025 16:30:56 GMT+0000 (Coordinated Universal Time),Tue Feb 17 2026 14:33:47 GMT+0000 (Coordinated Universal Time),Tue Feb 17 2026 15:08:22 GMT+0000 (Coordinated Universal Time),,"<p id="""">Zapier’s emails stand out visually thanks to their vibrant color palette and clean design, creating a distinctive look across their communication. Their onboarding flow is rich in educational content and personalized guidance, offering tailored recommendations based on the automations a user is building, alongside webinars and helpful resources; the sequence ends with a simple plain-text upgrade nudge.</p><p>‍</p><p id="""">Beyond onboarding, Zapier continues to deliver feature prompts, product news, integration announcements, webinars, and team-invite nudges, while also celebrating key milestones—like creating a user’s first Zap—and supporting re-engagement with special win-back offers.</p><p>‍</p>",27,https://cdn.prod.website-files.com/6669acc77ba72bcf56a022e8/686d87a1dcca6da79a801766_zapier-logo-png_seeklogo-274108.png,About 1 year and 5½ months,"February 13, 2024","July 31, 2025",~20 days,,,announce-new-features; celebrate-milestones; educate-engage; expand-user; onboard-free-user; onboard-paid-user; request-feedback; transactional-email; win-back-churned-user,,"Zapier sends colorful onboarding with personalized automation tips, webinars, product news, integration updates, and milestone-based celebrations.",
Hunter.io,hunter-io,67f118c79fcb04b14eeaf13e,6669acc77ba72bcf56a022dd,6824c55a48e0ce1aeb40884c,false,false,Wed May 14 2025 16:31:22 GMT+0000 (Coordinated Universal Time),Tue Feb 17 2026 14:33:47 GMT+0000 (Coordinated Universal Time),Tue Feb 17 2026 15:08:22 GMT+0000 (Coordinated Universal Time),,"<p id="""">Hunter.io’s emails are simple and mostly plain-text, supported by a distinctive header design with an orangish-pink background and light visual accents, though overall the communication could benefit from richer layouts. Their messaging leans on feature nudges, usage-based triggers, and upgrade prompts, especially when users approach their quota, alongside educational content around cold outreach best practices.</p><p>‍</p><p id="""">A standout element is their interactive voting game, a rare and engaging tactic that adds personality to their email strategy.</p><p>‍</p>",26,https://cdn.prod.website-files.com/6669acc77ba72bcf56a022e8/686d86fbc360e745cd39741e_655b8092803c160e897dc450_hunter_logo.webp,About 1 year and 2½ months,"April 10, 2024","June 26, 2025",~18 days,,,expand-user; celebrate-milestones; onboard-free-user; announce-new-features; onboard-paid-user; request-feedback; transactional-email; win-back-churned-user; educate-engage,,"Hunter.io provides simple emails with a distinct header, feature nudges, quota-based upgrades, cold-email tips, and a unique interactive voting game.",
Phantom Busters,phantom-busters,67f118c79fcb04b14eeaf13e,6669acc77ba72bcf56a022dd,6824c56a5377f8764e1d608a,false,false,Wed May 14 2025 16:31:38 GMT+0000 (Coordinated Universal Time),Tue Feb 17 2026 14:33:47 GMT+0000 (Coordinated Universal Time),Tue Feb 17 2026 15:08:22 GMT+0000 (Coordinated Universal Time),,"<p id="""">PhantomBuster’s email journey is simple and mostly plain-text, offering straightforward nudges that encourage users to try specific features and return to the platform. While effective in intent, the emails could benefit from more engaging layouts or visual elements to better reflect the value of the product and create a smoother reading experience. </p><p>‍</p><p id="""">Overall, the strategy leans on feature prompts and light education, but there is room to strengthen the communication with richer design and more varied content.</p><p>‍</p>",14,https://cdn.prod.website-files.com/6669acc77ba72bcf56a022e8/686d87578c80061c7fe9be7f_cd8ba3e7-98f0-4d2c-9c07-9f536c7cbbab.jpg,About 1 month,"February 17, 2025","March 17, 2025",~2 days,,,expand-user; celebrate-milestones; onboard-free-user; announce-new-features; onboard-paid-user; request-feedback; transactional-email; win-back-churned-user; educate-engage,,"PhantomBuster emails are simple and plain-text, offering feature nudges, light education, and upgrade prompts with room for richer design.",
Buffer,buffer,67f118c79fcb04b14eeaf13e,6669acc77ba72bcf56a022dd,6824c57cf44eb93c98587a1e,false,false,Wed May 14 2025 16:31:56 GMT+0000 (Coordinated Universal Time),Tue Feb 17 2026 14:33:47 GMT+0000 (Coordinated Universal Time),Tue Feb 17 2026 15:08:22 GMT+0000 (Coordinated Universal Time),,"<p id="""">Buffer’s emails rely heavily on plain-text onboarding messages, made more personable through friendly sender signatures that include small profile photos, giving the communication a human touch. Their lifecycle messaging is strongly activity-driven, triggering notifications whenever posts are scheduled, published, or missing—an approach that keeps engagement high but results in a large overall email volume. </p><p>‍</p><p id="""">Notably, Buffer has undergone a significant email marketing rebrand, with improvements in both design and lifecycle strategy, resulting in clearer, more intentional communication.</p><p>‍</p>",29,https://cdn.prod.website-files.com/6669acc77ba72bcf56a022e8/686d874e02e11356d97b5777_buffer-logo-png-transparent.png,About 1 year and 7½ months,"November 20, 2023","July 8, 2025",~21 days,,,celebrate-milestones; expand-user; onboard-free-user; announce-new-features; onboard-paid-user; request-feedback; transactional-email; win-back-churned-user; educate-engage,,"Buffer sends human plain-text onboarding, heavy activity-based alerts, and improved, newly rebranded lifecycle emails that boost engagement.",
Webflow,webflow,67f118c79fcb04b14eeaf13e,6669acc77ba72bcf56a022dd,6824c5920e9d34c03c86c189,false,false,Wed May 14 2025 16:32:18 GMT+0000 (Coordinated Universal Time),Tue Feb 17 2026 14:33:47 GMT+0000 (Coordinated Universal Time),Tue Feb 17 2026 15:08:22 GMT+0000 (Coordinated Universal Time),,"<p id="""">Webflow’s email journey is simple and consistent, built around a recurring template with a banner image followed by mostly plain-text content. Their onboarding flow leans heavily on education, offering numerous articles and resources to help users understand a complex product, while ongoing communication includes reports and activity-based notices tied to site behavior.</p><p>‍</p><p id="""">Webflow has also invested significantly in **upselling—especially around their localization feature—with a high volume of prompts that may feel a bit excessive at times.</p><p>‍</p>",27,https://cdn.prod.website-files.com/6669acc77ba72bcf56a022e8/686d87abf5f0c83f3cf57b4a_webflow.png,About 4½ months,"November 9, 2023","March 27, 2024",~5 days,,,onboard-free-user; celebrate-milestones; expand-user; announce-new-features; onboard-paid-user; request-feedback; transactional-email; win-back-churned-user; educate-engage,,"Webflow offers simple, plain-text onboarding, educational articles, reports, activity-based alerts, and frequent upsells for its localization feature.",
SemRush,semrush,67f118c79fcb04b14eeaf13e,6669acc77ba72bcf56a022dd,6824c5be58190a78c1517519,false,false,Wed May 14 2025 16:33:02 GMT+0000 (Coordinated Universal Time),Tue Feb 17 2026 14:33:47 GMT+0000 (Coordinated Universal Time),Tue Feb 17 2026 15:08:22 GMT+0000 (Coordinated Universal Time),,"<p id="""">SEMrush delivers clean, structured onboarding emails that are highly visual without being image-heavy, using well-designed sections to guide users toward key features and educational value. Their journey blends site-based alerts, feature highlights, webinars, conferences, guides, and frequent product updates, all designed to keep users learning and returning to the platform.</p><p>‍</p><p id="""">SEMrush also stands out for its “SEMrushversary” anniversary email and for being one of the brands that requests user feedback the most, adding a unique and engaging layer to the experience.</p><p>‍</p>",,https://cdn.prod.website-files.com/6669acc77ba72bcf56a022e8/686d8c6715e4175966906329_images%20(4).jpeg,,,,,,,expand-user; celebrate-milestones; onboard-free-user; announce-new-features; onboard-paid-user; request-feedback; transactional-email; win-back-churned-user; educate-engage,,"SEMrush sends structured onboarding, site alerts, webinars, guides, updates, feedback requests, and a unique annual “SEMrushversary” email.",
Ahrefs,ahrefs,67f118c79fcb04b14eeaf13e,6669acc77ba72bcf56a022dd,6824c5ce2c906e6a07b85d4b,false,false,Wed May 14 2025 16:33:18 GMT+0000 (Coordinated Universal Time),Tue Feb 17 2026 14:33:47 GMT+0000 (Coordinated Universal Time),Tue Feb 17 2026 15:08:22 GMT+0000 (Coordinated Universal Time),,"<p id="""">Ahrefs delivers a highly educational onboarding experience, using long, detailed emails packed with guides, product screenshots, YouTube videos, and even a “Getting Started” webinar to help new paid users navigate a complex SEO platform. Their ongoing communication continues this educational focus, combining site-activity updates, feature announcements, and invitations to events like their Evolve conference. This approach fits the depth of the product and ensures users can grow their skills directly from their inbox. </p><p>‍</p><p id="""">P.S. Many repetitive site-update emails were removed for relevance, so the average time delay between emails appears longer than it is in reality.</p><p>‍</p>",28,https://cdn.prod.website-files.com/6669acc77ba72bcf56a022e8/686d871f2ca571cfbc33b3e2_Ahrefs-Logo-PNG-Pic.png,About 7 months,"January 8, 2025","August 11, 2025",~8 days,,,expand-user; onboard-free-user; onboard-paid-user; celebrate-milestones; announce-new-features; request-feedback; transactional-email; win-back-churned-user; educate-engage,,"Ahrefs delivers long, education-rich onboarding with videos, guides, webinars, activity updates, and detailed product announcements for users.",
Figma,figma,67f118c79fcb04b14eeaf13e,6669acc77ba72bcf56a022dd,6824c5e136e4b7068c7fd921,false,false,Wed May 14 2025 16:33:37 GMT+0000 (Coordinated Universal Time),Tue Feb 17 2026 14:33:47 GMT+0000 (Coordinated Universal Time),Tue Feb 17 2026 15:08:22 GMT+0000 (Coordinated Universal Time),,"<p id="""">Figma’s email journey features beautifully designed, visually rich onboarding messages, each built around a consistent template that highlights product features, educational resources, and templates through clear, multi-section layouts. </p><p>‍</p><p id="""">Beyond onboarding, Figma keeps users engaged with frequent webinars, newsletters, and event promotions (including their flagship Config conference), alongside occasional product announcements. Interestingly, some emails arrived in French despite English settings, suggesting room for improvement in language personalization.</p><p>‍</p>",40,https://cdn.prod.website-files.com/6669acc77ba72bcf56a022e8/686d8c93bf4fd11a0c730d2b_figma-logo-512.webp,About 1 year and 6½ months,"December 22, 2023","July 2, 2025",~14 days,,,expand-user; announce-new-features; celebrate-milestones; onboard-free-user; onboard-paid-user; request-feedback; transactional-email; win-back-churned-user; educate-engage,,"Figma uses beautifully designed onboarding templates, webinars, event promos, newsletters, and feature updates with occasional language issues.",
Lucid,lucid,67f118c79fcb04b14eeaf13e,6669acc77ba72bcf56a022dd,6824c5f07844d436053a27d5,false,false,Wed May 14 2025 16:33:52 GMT+0000 (Coordinated Universal Time),Tue Feb 17 2026 14:33:47 GMT+0000 (Coordinated Universal Time),Tue Feb 17 2026 15:08:22 GMT+0000 (Coordinated Universal Time),,"<p id="""">Lucid’s email journey combines distinctive, visually strong templates with a feature-focused onboarding flow that encourages users to explore different use cases and invite their team. After onboarding, the communication becomes heavily centered on content, with frequent newsletters and webinars designed to educate and keep users engaged. </p><p>‍</p><p id="""">They also incorporate win-back prompts, expansion nudges, and feature announcements, maintaining ongoing touchpoints throughout the user lifecycle.</p><p>‍</p>",47,https://cdn.prod.website-files.com/6669acc77ba72bcf56a022e8/686d870fd3a93cbad38b0018_3865608556737_8f4ae4a98b36ab6912b3_512.png,About 4 years and 2 months,"February 16, 2024","April 30, 2028",~33 days,,,onboard-free-user; expand-user; onboard-paid-user; request-feedback; celebrate-milestones; transactional-email; announce-new-features; win-back-churned-user; educate-engage,,"Lucid sends visually distinctive onboarding, content-heavy newsletters, webinars, expansion nudges, and win-back emails for churned users.",
Apollo.io,apollo-io,67f118c79fcb04b14eeaf13e,6669acc77ba72bcf56a022dd,6824c6127d416b5654cb9e92,false,false,Wed May 14 2025 16:34:26 GMT+0000 (Coordinated Universal Time),Tue Feb 17 2026 14:33:48 GMT+0000 (Coordinated Universal Time),Tue Feb 17 2026 15:08:22 GMT+0000 (Coordinated Universal Time),,"<p id="""">Apollo’s journey stands out for its gamified onboarding, where users progress through a seven-step checklist and earn credits as they complete each action—an approach that powerfully motivates engagement and accelerates adoption. Most onboarding messages are plain-text emails, mirroring the style of real outreach and smartly reinforcing Apollo’s identity as a cold-email platform. </p><p>‍</p><p id="""">Beyond onboarding, Apollo sends activity-based alerts, educational content on successful outreach, feedback prompts, and feature nudges (like installing their Chrome extension), creating a well-rounded and strategically aligned email experience.</p><p>‍</p>",22,https://cdn.prod.website-files.com/6669acc77ba72bcf56a022e8/686d872da8954b6a4f9b6e27_Apollo-io.webp,About 11 months,"January 4, 2024","December 13, 2024",~16 days,,,announce-new-features; expand-user; onboard-free-user; celebrate-milestones; onboard-paid-user; request-feedback; transactional-email; win-back-churned-user; educate-engage,,"Apollo features gamified onboarding, plain-text outreach-style emails, activity alerts, education on cold outreach, and extension-driven upgrades.",
Docusign,docusign,67f118c79fcb04b14eeaf13e,6669acc77ba72bcf56a022dd,6824c63a8b009343fce4aaf7,false,false,Wed May 14 2025 16:35:06 GMT+0000 (Coordinated Universal Time),Tue Feb 17 2026 14:33:47 GMT+0000 (Coordinated Universal Time),Tue Feb 17 2026 15:08:22 GMT+0000 (Coordinated Universal Time),,"<p id="""">DocuSign’s email journey revolves around practical, education-focused communication, delivered mostly through plain-text messages that match the brand’s formal, legal-tech identity—though the experience could benefit from more visual elements to improve readability. Their flow includes webinars, video resources, and feature guidance to help paid users get the most out of the platform, alongside strong upgrade and win-back prompts. </p><p>‍</p><p id="""">Notably, DocuSign even uses an abandoned-cart email, a tactic uncommon in SaaS, showing how closely they track purchasing intent.</p><p>‍</p>",15,https://cdn.prod.website-files.com/6669acc77ba72bcf56a022e8/686d8a74ebb6da464d8e6588_DOCU-60cafc67.png,About 3½ months,"January 5, 2024","April 22, 2024",~8 days,,,expand-user; onboard-free-user; onboard-paid-user; celebrate-milestones; announce-new-features; request-feedback; transactional-email; win-back-churned-user; educate-engage,,"DocuSign uses plain-text education-focused emails, webinars, upgrade prompts, win-back flows, and a rare abandoned-cart email to drive conversion.",
Dropbox,dropbox,67f118c79fcb04b14eeaf13e,6669acc77ba72bcf56a022dd,6824c6494b8d5bb4a8813527,false,false,Wed May 14 2025 16:35:21 GMT+0000 (Coordinated Universal Time),Tue Feb 17 2026 14:33:47 GMT+0000 (Coordinated Universal Time),Tue Feb 17 2026 15:08:22 GMT+0000 (Coordinated Universal Time),,"<p id="""">Dropbox’s email journey features minimalistic yet polished messages, reflecting the brand’s maturity but lacking strong visual consistency due to varied color usage and a diluted sense of identity. Their communication focuses on nudging users back into the product, encouraging engagement with key features and reminding inactive users to return to their files. Alongside this, Dropbox includes expansion prompts such as inviting teammates or upgrading to a business plan, though the overall design could benefit from a modern refresh. </p><p>‍</p><p id="""">P.S. Many redundant or repetitive emails were removed, so the average time delay between emails appears longer than it is in reality.</p><p>‍</p>",19,https://cdn.prod.website-files.com/6669acc77ba72bcf56a022e8/686d8a6b900aa6e83e41ce56_674000d6c0a42d41f8c331be_dropbox-2-logo-png-transparent.png,About 1 year and 4 months,"December 24, 2023","May 3, 2025",~28 days,,,celebrate-milestones; expand-user; onboard-free-user; announce-new-features; onboard-paid-user; request-feedback; transactional-email; win-back-churned-user; educate-engage,,"Dropbox provides minimalistic, polished emails focused on feature nudges, inactivity reminders, team invites, and upgrading to business plans.",
Grammarly,grammarly,67f118c79fcb04b14eeaf13e,6669acc77ba72bcf56a022dd,6824c6698250b18003d7bfae,false,false,Wed May 14 2025 16:35:53 GMT+0000 (Coordinated Universal Time),Tue Feb 17 2026 14:33:48 GMT+0000 (Coordinated Universal Time),Tue Feb 17 2026 15:08:22 GMT+0000 (Coordinated Universal Time),,"<p id="""">Grammarly’s emails are clean, visually polished, and thoughtfully laid out, reflecting the maturity of the brand and creating an easy, uncluttered onboarding experience. Their communication focuses heavily on feature education and early upgrade prompts, consistently highlighting the benefits of Grammarly Premium and even offering a recurring 40% discount to encourage conversion. </p><p>‍</p><p id="""">Beyond onboarding, users receive weekly activity recaps, adding a personalized touch that reinforces ongoing value and engagement.</p><p>‍</p>",7,https://cdn.prod.website-files.com/6669acc77ba72bcf56a022e8/686d876de46d519a09900356_grammarly-1.svg,About 2 weeks,"July 30, 2025","August 14, 2025",~2½ days,,,celebrate-milestones; expand-user; onboard-free-user; announce-new-features; onboard-paid-user; request-feedback; transactional-email; win-back-churned-user; educate-engage,,"Grammarly sends clean onboarding emails, strong Premium upgrade nudges, a recurring 40% offer, and weekly personalized writing activity recaps.",
Adobe,adobe,67f118c79fcb04b14eeaf13e,6669acc77ba72bcf56a022dd,6824c67bfd62b1c5fa5410f9,false,false,Wed May 14 2025 16:36:11 GMT+0000 (Coordinated Universal Time),Tue Feb 17 2026 14:33:47 GMT+0000 (Coordinated Universal Time),Tue Feb 17 2026 15:08:22 GMT+0000 (Coordinated Universal Time),,"<p id="""">Adobe’s email journey features visually striking, well-designed messages that reflect the brand’s creative identity, beginning with a concise onboarding flow that helps new paid users discover key features and get started quickly. Most emails act as feature nudges, encouraging deeper product adoption and highlighting new capabilities across the Adobe ecosystem. </p><p>‍</p><p id="""">They also include win-back messages, mobile-app prompts, and feedback requests, supported by solid activity-based triggers that keep users engaged throughout their lifecycle.</p><p>‍</p>",25,https://cdn.prod.website-files.com/6669acc77ba72bcf56a022e8/686d8c38e080487d252656eb_Adobe_Acrobat_DC_logo_2020.svg.png,About 1 year and 6 months,"February 16, 2024","August 25, 2025",~23 days,,,celebrate-milestones; announce-new-features; onboard-paid-user; request-feedback; transactional-email; onboard-free-user; expand-user; win-back-churned-user; educate-engage,,"Adobe delivers visually striking onboarding, feature nudges, win-back prompts, mobile-app pushes, and new-feature announcements for paid users.",
Jira,jira,67f118c79fcb04b14eeaf13e,6669acc77ba72bcf56a022dd,68349ed24b68924c96a25178,false,false,Mon May 26 2025 17:03:14 GMT+0000 (Coordinated Universal Time),Tue Feb 17 2026 14:33:47 GMT+0000 (Coordinated Universal Time),Tue Feb 17 2026 15:08:22 GMT+0000 (Coordinated Universal Time),,"<p id="""">Jira’s email journey is minimalistic and text-forward, relying on straightforward plain-text messages rather than the visual layouts common in other tools. Their communication consists of a small, simple onboarding sequence, followed by a few targeted prompts aimed at winning back users who haven’t upgraded. </p><p>‍</p><p id="""">While effective in its directness, the overall approach feels notably sparse compared to other brands.</p><p>‍</p>",11,https://cdn.prod.website-files.com/6669acc77ba72bcf56a022e8/686d8a50c097b7292da94930_images%20(1).jpeg,About 2 months and 3 weeks,"May 18, 2025","August 12, 2025",~9 days,,,announce-new-features; celebrate-milestones; expand-user; onboard-free-user; onboard-paid-user; request-feedback; transactional-email; win-back-churned-user; educate-engage,,"Jira uses minimalistic, text-heavy emails with a short onboarding flow and simple win-back prompts to re-engage inactive or churned users.",
SurveyMonkey,surveymonkey,67f118c79fcb04b14eeaf13e,6669acc77ba72bcf56a022dd,68399e3e826942f0a9267257,false,false,Fri May 30 2025 12:02:06 GMT+0000 (Coordinated Universal Time),Tue Feb 17 2026 14:33:47 GMT+0000 (Coordinated Universal Time),Tue Feb 17 2026 15:08:22 GMT+0000 (Coordinated Universal Time),,"<p id="""">SurveyMonkey’s email journey features clean, polished onboarding emails that guide users toward key features and prompt them to take meaningful actions within the product. They complement this with a monthly content-driven newsletter that shares articles, research, and upcoming webinars to keep users engaged. </p><p>‍</p><p id="""">A few activity-based nudges—like reminders to finish an unfinished survey—help maintain momentum and encourage continued usage.</p><p>‍</p>",11,https://cdn.prod.website-files.com/6669acc77ba72bcf56a022e8/686d8a459b50ba8a41d9982e_unnamed.png,About 2 months,"May 12, 2025","July 15, 2025",~6 days,,,announce-new-features; celebrate-milestones; expand-user; onboard-free-user; onboard-paid-user; request-feedback; transactional-email; win-back-churned-user; educate-engage,,"SurveyMonkey offers polished onboarding, monthly content newsletters, and activity nudges that help users explore and complete their surveys.",
Asana,asana,67f118c79fcb04b14eeaf13e,6669acc77ba72bcf56a022dd,684959cbe4999a5a256593da,false,false,Wed Jun 11 2025 10:26:19 GMT+0000 (Coordinated Universal Time),Tue Feb 17 2026 14:33:47 GMT+0000 (Coordinated Universal Time),Tue Feb 17 2026 15:08:22 GMT+0000 (Coordinated Universal Time),,"<p id="""">Asana’s email journey centers on activity-based updates, with frequent notifications that celebrate progress and keep users aware of assigned or completed tasks. Their onboarding flow is reinforced by feature nudges and invitations to contact the team directly, especially when user engagement appears low. </p><p>‍</p><p id="""">After the trial ends without an upgrade, Asana continues nurturing users through upgrade prompts and educational webinars focused on learning the product.</p><p>‍</p>",13,https://cdn.prod.website-files.com/6669acc77ba72bcf56a022e8/686d8a2db11466de959779b4_c39a60-asana.svg,About 1 month and a half,"May 12, 2025","July 1, 2025",~4 days,,,celebrate-milestones; onboard-free-user; onboard-paid-user; expand-user; request-feedback; transactional-email; announce-new-features; win-back-churned-user; educate-engage,,"Asana sends simple, activity-driven emails with task updates, feature nudges, upgrade prompts, and webinars to support post-trial re-engagement.",
Clickup,clickup,67f118c79fcb04b14eeaf13e,6669acc77ba72bcf56a022dd,684b177486fce3437647c298,false,false,Thu Jun 12 2025 18:07:48 GMT+0000 (Coordinated Universal Time),Tue Feb 17 2026 14:33:47 GMT+0000 (Coordinated Universal Time),Tue Feb 17 2026 15:08:22 GMT+0000 (Coordinated Universal Time),,"<p id="""">ClickUp provides a clean and effective onboarding flow, with visually appealing emails (though their unusually wide layout doesn’t render perfectly within our platform). Their journey combines feature nudges and frequent activity-based notifications, helping users stay aware of progress and encouraging deeper engagement. They also include win-back messages and occasional offers—such as 20% off—to re-activate or upgrade users and keep adoption high.</p><p>‍</p><p id="""">P.S. Numerous repetitive activity-update emails were removed for clarity, so the average time delay between emails appears longer than it is in reality.</p><p>‍</p>",22,https://cdn.prod.website-files.com/6669acc77ba72bcf56a022e8/686d8a1324fc3e198d60c1c4_images%20(3).jpeg,About 1 month and a half,"May 12, 2025","June 28, 2025",~2 days,,,celebrate-milestones; onboard-free-user; onboard-paid-user; announce-new-features; expand-user; request-feedback; transactional-email; win-back-churned-user; educate-engage,,"ClickUp uses clean onboarding, frequent activity alerts, feature nudges, win-back offers, and wide-layout emails that engage users across workflows.",
Monday,monday,67f118c79fcb04b14eeaf13e,6669acc77ba72bcf56a022dd,686d4d256bf75f8863896ef7,false,false,Tue Jul 08 2025 16:53:57 GMT+0000 (Coordinated Universal Time),Tue Feb 17 2026 14:33:47 GMT+0000 (Coordinated Universal Time),Tue Feb 17 2026 15:08:22 GMT+0000 (Coordinated Universal Time),,"<p id="""">monday.com delivers highly polished, visually strong emails across a structured onboarding flow that highlights key features, integrations, and social proof through case studies. Their journey includes trial-ending reminders, extension offers, and repeated prompts to restart or complete a free trial, followed by ongoing newsletters and nurturing content aimed at driving conversion. While the email strategy is robust, some newsletters are exceptionally long, and a smoother, more concise approach could improve engagement.</p><p>‍</p><p id="""">P.S. Many of monday.com’s long, repetitive newsletter emails were removed to reduce redundancy, so the average time delay between emails appears longer than it is in reality.</p><p>‍</p>",25,https://cdn.prod.website-files.com/6669acc77ba72bcf56a022e8/686d8d25971605faedc34b42_monday-logo-png_seeklogo-394605.png,About 2 months,"May 12, 2025","July 15, 2025",~3 days,,,educate-engage; expand-user; onboard-free-user; onboard-paid-user; request-feedback; transactional-email; announce-new-features; celebrate-milestones; win-back-churned-user,,"monday.com provides sleek onboarding, long newsletters, trial extensions, and social-proof nurturing to re-engage and convert trial users.",
MailChimp,mailchimp,67f118c79fcb04b14eeaf13e,6669acc77ba72bcf56a022dd,686d4d5ba9f3b087bed18e69,false,false,Tue Jul 08 2025 16:54:51 GMT+0000 (Coordinated Universal Time),Tue Feb 17 2026 14:33:48 GMT+0000 (Coordinated Universal Time),Tue Feb 17 2026 15:08:22 GMT+0000 (Coordinated Universal Time),,"<p id="""">Mailchimp delivers highly polished, visually rich emails throughout its onboarding and ongoing communication, reflecting its expertise as an email-first company. The journey blends educational content, events, and product updates with occasional upgrade or integration nudges, all presented in a clean, engaging layout—though one unusually long plain-text upgrade email feels out of place among the otherwise refined messages. </p><p>‍</p><p id="""">Overall, Mailchimp maintains a diverse and well-designed email strategy that supports both learning and expansion.</p><p>‍</p>",44,https://cdn.prod.website-files.com/6669acc77ba72bcf56a022e8/686d878dc5118ef5e09291b4_MC_Case_Study_V2-07-a3cdbb.avif,About 1 year and 9 months,"December 7, 2023","September 4, 2025",~15 days,,,announce-new-features; celebrate-milestones; educate-engage; expand-user; onboard-free-user; onboard-paid-user; request-feedback; transactional-email; win-back-churned-user,,"Mailchimp delivers highly designed onboarding, rich educational content, product updates, and upgrade prompts in a polished, diverse email strategy.",
Aircall,aircall,67f118c79fcb04b14eeaf13e,6669acc77ba72bcf56a022dd,686d4ec607bd6890dc7761fb,false,false,Tue Jul 08 2025 17:00:54 GMT+0000 (Coordinated Universal Time),Tue Feb 17 2026 14:33:48 GMT+0000 (Coordinated Universal Time),Tue Feb 17 2026 15:08:22 GMT+0000 (Coordinated Universal Time),,"<p id="""">Aircall’s email journey is built around a clean and straightforward onboarding flow, with concise messages that highlight key features and consistently guide users back to the dashboard. As the trial progresses, Aircall introduces customer success stories, upgrade nudges, and feature prompts to maintain engagement and drive conversion. </p><p>‍</p><p id="""">Beyond onboarding, they mix in educational resources and demo invitations, balancing product usage with opportunities for deeper support.</p><p>‍</p>",10,https://cdn.prod.website-files.com/6669acc77ba72bcf56a022e8/686d8ce4812cc6292dbf9e23_unnamed%20(1).png,About 2 months,"May 12, 2025","July 8, 2025",~6 days,,,announce-new-features; celebrate-milestones; educate-engage; expand-user; onboard-free-user; onboard-paid-user; request-feedback; transactional-email; win-back-churned-user,,"Aircall offers concise onboarding emails, feature nudges, success stories, and upgrade prompts, paired with demos and educational resources.",
Beehiiv,beehiiv,67f118c79fcb04b14eeaf13e,6669acc77ba72bcf56a022dd,686d4ef8dded477f0e6a2f01,false,false,Tue Jul 08 2025 17:01:44 GMT+0000 (Coordinated Universal Time),Tue Feb 17 2026 14:33:48 GMT+0000 (Coordinated Universal Time),Tue Feb 17 2026 15:08:22 GMT+0000 (Coordinated Universal Time),,"<p id="""">Beehiiv’s journey is built around a very long, daily onboarding sequence, with text-heavy emails that can feel overwhelming despite their strong educational intent. The brand frequently shares creator spotlights, webinars, and affiliate-program prompts, aiming to inspire users and keep the community highly engaged. While content is valuable, the high email volume can dilute the impact of key upgrade messages and would benefit from shorter, more focused communication. </p><p>‍</p><p id="""">P.S. Several repetitive spotlight and webinar emails were removed due to their similarity, so the average time delay between emails may appear longer than it is in reality.</p><p>‍</p>",51,https://cdn.prod.website-files.com/6669acc77ba72bcf56a022e8/686d89ba3317afd4585f58d0_download.jpeg,About 1 month,"May 29, 2025","June 27, 2025",~0.6 days,,,announce-new-features; celebrate-milestones; educate-engage; expand-user; onboard-paid-user; onboard-free-user; request-feedback; transactional-email; win-back-churned-user,,"Beehiiv uses long, daily onboarding emails, creator spotlights, webinars, and affiliate prompts, offering rich education but very high email volume.",
Canva,canva,67f118c79fcb04b14eeaf13e,6669acc77ba72bcf56a022dd,686d4f1c736fe350ce8eafb3,false,false,Tue Jul 08 2025 17:02:20 GMT+0000 (Coordinated Universal Time),Tue Feb 17 2026 14:33:47 GMT+0000 (Coordinated Universal Time),Tue Feb 17 2026 15:08:22 GMT+0000 (Coordinated Universal Time),,"<p id="""">Canva’s email journey focuses on education and feature adoption, with polished messages promoting webinars, new capabilities, and ways to get more value from the platform. They also include expansion nudges—such as inviting teammates—and occasional win-back or activity-based emails, though some triggers show room for improved personalization. </p><p>‍</p><p id="""">As expected from a design-centric brand, the emails are visually strong and consistently well executed.</p><p>‍</p>",22,https://cdn.prod.website-files.com/6669acc77ba72bcf56a022e8/686d87398e51be05c79dbbae_canva_logo_icon_168460.webp,About 1 year and 7 months,"December 9, 2023","July 7, 2025",~28 days,,,celebrate-milestones; educate-engage; announce-new-features; expand-user; onboard-free-user; onboard-paid-user; request-feedback; transactional-email; win-back-churned-user,,"Canva sends polished educational emails, feature tips, expansion nudges, and win-back prompts, with occasional mis-targeted triggers that need refining.",
Customer.io,customer-io,67f118c79fcb04b14eeaf13e,6669acc77ba72bcf56a022dd,686d4f37f67c701e84b2b79e,false,false,Tue Jul 08 2025 17:02:47 GMT+0000 (Coordinated Universal Time),Tue Feb 17 2026 14:33:47 GMT+0000 (Coordinated Universal Time),Tue Feb 17 2026 15:08:22 GMT+0000 (Coordinated Universal Time),,"<p id="""">Customer.io delivers clean, well-designed onboarding emails that are clear, digestible, and reflective of a company that deeply understands email marketing. Their journey combines action-based triggers—such as reminders to verify a domain—with a strong emphasis on education through guides, reports, and webinars. </p><p>‍</p><p id="""">Overall, Customer.io prioritizes empowering users with knowledge while keeping communication relevant and behavior-driven.</p><p>‍</p>",32,https://cdn.prod.website-files.com/6669acc77ba72bcf56a022e8/686d8b7f238588e911eb5142_favicon.svg,About 5½ months,"July 9, 2024","December 20, 2024",~5 days,,,announce-new-features; celebrate-milestones; educate-engage; expand-user; onboard-free-user; onboard-paid-user; request-feedback; transactional-email; win-back-churned-user,,"Customer.io delivers clean onboarding, smart action-based triggers, and education-heavy emails with guides, reports, and webinars for user success.",
Fiverr,fiverr,67f118c79fcb04b14eeaf13e,6669acc77ba72bcf56a022dd,686d4f5caf461d506f591e0d,false,false,Tue Jul 08 2025 17:03:24 GMT+0000 (Coordinated Universal Time),Tue Feb 17 2026 14:33:47 GMT+0000 (Coordinated Universal Time),Tue Feb 17 2026 15:08:22 GMT+0000 (Coordinated Universal Time),,"<p id="""">Fiverr’s emails blend activity-based triggers with strong expansion messaging, encouraging users to continue hiring freelancers while offering relevant suggestions and resources. The brand places clear emphasis on engagement and feedback, supported by polished communications, special offers, referrals, and app-download prompts. Overall, Fiverr’s strategy is highly dynamic and conversion-oriented, continually guiding users back into the platform’s marketplace. </p><p>‍</p><p id="""">P.S. Numerous activity-driven emails were removed to protect privacy and reduce repetition, so the average time delay between emails appears longer than it is in reality.</p><p>‍</p>",50,https://cdn.prod.website-files.com/6669acc77ba72bcf56a022e8/686d8b68f1d2ff29929ecc33_fiverr-logo-icon-online-platform-for-freelancers-free-vector.jpg,About 10 months,"December 22, 2023","October 18, 2024",~6 days,,,announce-new-features; celebrate-milestones; educate-engage; onboard-free-user; onboard-paid-user; expand-user; request-feedback; transactional-email; win-back-churned-user,,"Fiverr combines activity-based alerts with expansion prompts, feedback requests, and offers to keep users hiring and returning to the marketplace.",
Freepik,freepik,67f118c79fcb04b14eeaf13e,6669acc77ba72bcf56a022dd,686d4f7877b102ecd957340b,false,false,Tue Jul 08 2025 17:03:52 GMT+0000 (Coordinated Universal Time),Tue Feb 17 2026 14:33:47 GMT+0000 (Coordinated Universal Time),Tue Feb 17 2026 15:08:22 GMT+0000 (Coordinated Universal Time),,"<p id="""">Freepik’s email journey is highly expansion-driven, with frequent, polished messages promoting upgrades, annual plans, and the platform’s wide range of creative features. Educational content is minimal; instead, Freepik focuses on sales-oriented prompts and feature promotion, along with a strong win-back sequence to re-engage churned users. The overall strategy is visually strong and commercially assertive, fitting for a design-centric brand.</p><p>‍</p><p id=""""> P.S. Many repetitive promotional emails were removed due to redundancy, so the average time delay between emails appears longer than in reality.</p><p>‍</p>",44,https://cdn.prod.website-files.com/6669acc77ba72bcf56a022e8/686d8bf90ac9de0c3c3f24e0_freepik.svg,About 7 months,"January 24, 2025","August 26, 2025",~5 days,,,announce-new-features; celebrate-milestones; educate-engage; expand-user; onboard-paid-user; onboard-free-user; request-feedback; transactional-email; win-back-churned-user,,"Freepik sends bold, design-forward emails focused on upgrades, feature promotion, and strong win-back efforts to drive active, ongoing user engagement.",
Hubspot,hubspot,67f118c79fcb04b14eeaf13e,6669acc77ba72bcf56a022dd,686d4fc86a82ea060eada860,false,false,Tue Jul 08 2025 17:05:12 GMT+0000 (Coordinated Universal Time),Tue Feb 17 2026 14:33:47 GMT+0000 (Coordinated Universal Time),Tue Feb 17 2026 15:08:22 GMT+0000 (Coordinated Universal Time),,"<p id="""">HubSpot’s email journey consists of a clean and structured onboarding sequence, delivered through a series of multi-step messages guiding users through setup with clear CTAs. As the flow progresses, HubSpot introduces additional resources and product education, followed by a personalized 30-day report designed to pull users back into the platform. </p><p>‍</p><p id="""">An upgrade-oriented email appears in the sequence as well—though in this case it was mis-targeted, highlighting an opportunity for improved segmentation.</p><p>‍</p>",7,https://cdn.prod.website-files.com/6669acc77ba72bcf56a022e8/686d8994e0481451a293f107_168_Hubspot_logo_logos-512.webp,About 2 months,"May 17, 2025","July 22, 2025",~11 days,,,celebrate-milestones; educate-engage; announce-new-features; expand-user; onboard-free-user; onboard-paid-user; transactional-email; request-feedback; win-back-churned-user,,"HubSpot sends clear, structured onboarding emails with helpful guides, resources, and upgrade nudges supported by simple, action-driven messaging.",
Make,make,67f118c79fcb04b14eeaf13e,6669acc77ba72bcf56a022dd,686d50895bdd80263777eec8,false,false,Tue Jul 08 2025 17:08:25 GMT+0000 (Coordinated Universal Time),Tue Feb 17 2026 14:33:48 GMT+0000 (Coordinated Universal Time),Tue Feb 17 2026 15:08:22 GMT+0000 (Coordinated Universal Time),,"<p id="""">Make’s emails blend onboarding guidance with activity-based communication, effectively leveraging user behavior to trigger personalized and timely messages. The onboarding sequence is well structured, featuring a clear five-step “getting started” flow, but overall email design feels text-heavy and visually unrefined for a brand of this scale. Despite the lack of polish, Make excels at using automation-driven emails to promote upgrades, encourage engagement, and support growth. </p><p>‍</p><p id="""">P.S. Numerous activity-triggered system emails were removed to avoid redundancy, so the average time delay between emails may appear slightly longer than it is in reality.</p><p>‍</p>",17,https://cdn.prod.website-files.com/6669acc77ba72bcf56a022e8/686d898c7ab29a3048230933_658d1160346d50ccbcb96f6f_Make-Logo.svg,About 1 month and a half,"May 21, 2025","July 7, 2025",~3 days,,,announce-new-features; celebrate-milestones; educate-engage; expand-user; onboard-free-user; onboard-paid-user; request-feedback; transactional-email; win-back-churned-user,,"Make blends text-heavy onboarding with strong activity-based triggers and upgrade nudges, using automation events to drive relevant user engagement.",
Paypal,paypal,67f118c79fcb04b14eeaf13e,6669acc77ba72bcf56a022dd,686d50aebd8f198d862dc580,false,false,Tue Jul 08 2025 17:09:02 GMT+0000 (Coordinated Universal Time),Tue Feb 17 2026 14:33:47 GMT+0000 (Coordinated Universal Time),Tue Feb 17 2026 15:08:22 GMT+0000 (Coordinated Universal Time),,"<p id="""">PayPal’s email strategy centers on feature promotion and product usage, with sleek, professionally designed emails that reflect the brand’s scale and maturity. Most communications focus on upselling, cross-selling, and driving users back to the app, rather than education. Occasional activity recaps add relevance, but the overall emphasis is on showcasing PayPal’s capabilities and encouraging active engagement. </p><p>‍</p><p id="""">P.S. Several sensitive or repetitive transactional emails were removed to maintain relevance and privacy, meaning the average time delay between emails may appear slightly longer than it is in practice.</p><p>‍</p>",21,https://cdn.prod.website-files.com/6669acc77ba72bcf56a022e8/686d8cc4613ede1ebf964496_250_Paypal_logo-512.webp,About 1 year,"January 15, 2024","January 7, 2025",~18 days,,,announce-new-features; celebrate-milestones; educate-engage; expand-user; onboard-paid-user; request-feedback; transactional-email; onboard-free-user; win-back-churned-user,,"PayPal uses polished, feature-focused emails to drive product usage, promote new tools, and re-engage users through simple, consistent communication.",
Stripe,stripe,67f118c79fcb04b14eeaf13e,6669acc77ba72bcf56a022dd,686d50ce11a70b3500ec287a,false,false,Tue Jul 08 2025 17:09:34 GMT+0000 (Coordinated Universal Time),Tue Feb 17 2026 14:33:47 GMT+0000 (Coordinated Universal Time),Tue Feb 17 2026 15:08:22 GMT+0000 (Coordinated Universal Time),,"<p id="""">Stripe’s email journey combines a polished, enterprise-grade design with a strong focus on education and product adoption. The onboarding flow highlights key features and value propositions, encouraging users to get started quickly and explore different ways to use Stripe. Beyond onboarding, emails promote webinars, reports, and studies, positioning Stripe as both a product and an industry thought leader. </p><p>‍</p><p id="""">P.S. Some personal and account-specific emails were removed to protect sensitive information, so the average time delay between messages may be slightly longer than in reality.</p><p>‍</p>",18,https://cdn.prod.website-files.com/6669acc77ba72bcf56a022e8/686d897581cd1903afc0cb01_images.jpeg,About 4 months,"March 6, 2025","July 2, 2025",~7 days,,,announce-new-features; celebrate-milestones; expand-user; onboard-free-user; onboard-paid-user; educate-engage; request-feedback; transactional-email; win-back-churned-user,,"Stripe delivers sleek onboarding and education-heavy emails with webinars, reports, and feature highlights to help users adopt and explore the platform.",
Typeform,typeform,67f118c79fcb04b14eeaf13e,6669acc77ba72bcf56a022dd,686d50f6da66a40cb6b47030,false,false,Tue Jul 08 2025 17:10:14 GMT+0000 (Coordinated Universal Time),Tue Feb 17 2026 14:33:47 GMT+0000 (Coordinated Universal Time),Tue Feb 17 2026 15:08:22 GMT+0000 (Coordinated Universal Time),,"<p id="""">Typeform’s emails are highly polished and design-forward, showcasing the brand’s maturity and attention to detail. The journey centers on a long onboarding flow filled with social proof, integrations, and feature highlights to boost engagement and conversion. </p><p>‍</p><p id="""">While visually impressive, the onboarding emails can feel dense, offering multiple calls to action instead of a single, focused next step.</p><p>‍</p>","14
",https://cdn.prod.website-files.com/6669acc77ba72bcf56a022e8/686d89690356fcda7d3f6792_typeform-logo-png_seeklogo-363144.png,About 2 months,"May 12, 2025","July 21, 2025",~5 days,,,announce-new-features; educate-engage; expand-user; onboard-free-user; onboard-paid-user; request-feedback; transactional-email; celebrate-milestones; win-back-churned-user,,"Typeform sends polished, design-rich emails focused on onboarding, social proof, integrations, and product education to drive strong user engagement.",
Lovable,lovable,67f118c79fcb04b14eeaf13e,6669acc77ba72bcf56a022dd,689f6bb0e5dfc2ed085a150f,false,false,Fri Aug 15 2025 17:17:36 GMT+0000 (Coordinated Universal Time),Tue Feb 17 2026 14:33:48 GMT+0000 (Coordinated Universal Time),Tue Feb 17 2026 15:08:22 GMT+0000 (Coordinated Universal Time),,"<p id="""">Lovable’s small onboarding flow and plain-text emails reflect a young, fast-growing brand still finding its visual identity. The tone is personal and community-driven, inviting users to join, learn, and celebrate milestones alongside the team. </p><p>‍</p><p id="""">Emails focus on education, monetization tips, and product expansion, with an approachable but unpolished charm that fits their startup audience.</p><p>‍</p>",14,https://cdn.prod.website-files.com/6669acc77ba72bcf56a022e8/689f6be49f87a9eafb1589e9_download.jpeg,About 1 month,"2 July, 2025","August 5, 2025",~3 days,,,announce-new-features; celebrate-milestones; educate-engage; expand-user; onboard-free-user; onboard-paid-user; request-feedback; transactional-email; win-back-churned-user,,"Lovable uses simple, plain-text emails with community updates, case studies, and expansion nudges that reflect a young brand still forming its identity.",
Slack,slack,67f118c79fcb04b14eeaf13e,6669acc77ba72bcf56a022dd,68bb32c52ac6a0f9c5219f7e,false,false,Fri Sep 05 2025 18:58:13 GMT+0000 (Coordinated Universal Time),Tue Feb 17 2026 14:33:47 GMT+0000 (Coordinated Universal Time),Tue Feb 17 2026 15:08:22 GMT+0000 (Coordinated Universal Time),,"<p id="""">Slack’s emails focus primarily on education, engagement, and product expansion following a welcoming onboarding experience. Users are nurtured through a premium trial, with emails promoting webinars, AI features, special offers, and usage tips to deepen engagement. Occasional feedback requests and activity summaries add a personal and informative touch to the overall journey. </p><p>‍</p><p id="""">P.S. Recurring weekly activity summary emails were removed to reduce redundancy, so the average time delay between emails may appear slightly longer than it actually is.</p><p>‍</p>",35,https://cdn.prod.website-files.com/6669acc77ba72bcf56a022e8/68bf09208b1bc05c36bc169f_sl.jpg,About 1 year and 9 months,"December 13, 2023","September 1, 2025",~18 days,,,celebrate-milestones; announce-new-features; educate-engage; expand-user; onboard-free-user; onboard-paid-user; request-feedback; transactional-email; win-back-churned-user,,"Slack offers polished, education-focused emails with webinars, feature tips, and upgrades that guide users from onboarding to deeper product adoption.",
